run,metric,x,n,value,stderr,accuracy
full,window,1,1166,7.185181,0.025967,0.021441
full,window,2,1192,7.195846,0.032906,0.026007
full,window,4,1128,7.173490,0.032369,0.023936
full,window,8,1162,7.160330,0.030383,0.023236
full,window,16,1198,7.125616,0.028119,0.021703
full,window,32,1144,7.203107,0.031080,0.020105
full,window,64,1105,7.163566,0.028530,0.026244
full,sharpening,0,3263,8.096116,0.005193,0
full,sharpening,1,3116,8.101656,0.005427,0
full,sharpening,2,3030,8.109610,0.005110,0
full,sharpening,3,2843,8.098977,0.005883,0
full,sharpening,4,2844,8.101486,0.005619,0
full,sharpening,5,1579,8.102822,0.007720,0
full,sharpening,6,1621,8.107318,0.007140,0
full,sharpening,7,281,8.109355,0.017541,0
full,sharpening,8,267,8.078767,0.021762,0
full,sharpening,9,227,8.115255,0.019841,0
full,sharpening,10,218,8.121645,0.014537,0
full,sharpening,11,194,8.091375,0.022280,0
full,sharpening,12,200,8.127462,0.016521,0
full,sharpening,13,212,8.103576,0.017489,0
full,sharpening,14,215,8.048371,0.026814,0
full,sharpening,15,206,8.100589,0.028434,0
full,sharpening,16,225,8.110533,0.014357,0
full,sharpening,17,156,8.100760,0.024210,0
full,sharpening,18,121,8.127697,0.019277,0
full,sharpening,19,160,8.107345,0.025728,0
full,sharpening,20,135,8.108993,0.021442,0
full,sharpening,21,133,8.127408,0.019461,0
full,sharpening,22,160,8.110274,0.025784,0
full,sharpening,23,3594,8.104739,0.004898,0
rungs-2,window,1,1166,7.186027,0.023940,0.032590
rungs-2,window,2,1192,7.206118,0.030751,0.046980
rungs-2,window,4,1128,7.203902,0.029983,0.036348
rungs-2,window,8,1162,7.192077,0.028083,0.031842
rungs-2,window,16,1198,7.158110,0.025510,0.027546
rungs-2,window,32,1144,7.210608,0.028981,0.034091
rungs-2,window,64,1105,7.170004,0.027481,0.031674
rungs-4,window,1,1166,7.310874,0.024965,0.028302
rungs-4,window,2,1192,7.316017,0.031465,0.032718
rungs-4,window,4,1128,7.302624,0.030810,0.039894
rungs-4,window,8,1162,7.273506,0.029321,0.037005
rungs-4,window,16,1198,7.260095,0.027123,0.036728
rungs-4,window,32,1144,7.306801,0.030371,0.044580
rungs-4,window,64,1105,7.265274,0.027795,0.063348
rungs-6,window,1,1166,7.185181,0.025967,0.021441
rungs-6,window,2,1192,7.195846,0.032906,0.026007
rungs-6,window,4,1128,7.173490,0.032369,0.023936
rungs-6,window,8,1162,7.160330,0.030383,0.023236
rungs-6,window,16,1198,7.125616,0.028119,0.021703
rungs-6,window,32,1144,7.203107,0.031080,0.020105
rungs-6,window,64,1105,7.163566,0.028530,0.026244
